{"Y": [[1], [1], [1], [1], [1], [1], [1], [1], [1], [1], [1], [1], [1], [1], [1], [1], [1], [1], [1], [1], [1], [1], [1], [1], [1], [1], [1], [1], [1], [1], [1], [1], [1], [1], [1], [1], [1], [1], [1], [1], [1], [1], [1], [1], [1], [1], [1], [1], [1], [1], [-1], [-1], [-1], [-1], [-1], [-1], [-1], [-1], [-1], [-1], [-1], [-1], [-1], [-1], [-1], [-1], [-1], [-1], [-1], [-1], [-1], [-1], [-1], [-1], [-1], [-1], [-1], [-1], [-1], [-1], [-1], [-1], [-1], [-1], [-1], [-1], [-1], [-1], [-1], [-1], [-1], [-1], [-1], [-1], [-1], [-1], [-1], [-1], [-1], [-1]], "X": [[-2.4624736356287418, 2.467589489845821], [-3.644321699285985, 4.185315003494237], [-2.3389465804301306, 1.8663784261358571], [-2.7418351858658916, 2.577937784558092], [-2.659694173155105, 4.63801934887146], [-1.709222553403346, 3.1961866772149308], [-4.467252715643733, 2.7384515663369076], [-2.8935134820486597, 3.128522199836293], [-3.1729325880588863, 3.8871347453416103], [-4.519175817081025, 2.46250168120499], [-4.202185436684685, 1.5306011557343864], [-3.210955139180862, 4.676842608539019], [-3.1925178567380548, 2.588013639457335], [-3.059675794946274, 2.829082394314377], [-2.2331477232699286, 2.7599474016759973], [-3.721651025685308, 2.968600680924241], [-3.7372417188424647, 1.843995041975325], [-2.8624292157805327, 3.4884105600202604], [-2.6236714332075435, 1.9378921808676313], [-3.085654988289378, 1.7169772940967316], [-3.82189017863337, 2.6775410067727528], [-2.479602413226325, 2.5999897721988314], [-3.1496681363392383, 3.3866064622814074], [-3.389442371453842, 2.2754399581092795], [-2.6061658207624254, 4.261329574366132], [-3.2851485490676877, 4.297304492430504], [-2.4156546717433365, 2.082346293634953], [-3.640805119069168, 2.632058986467088], [-3.2564622674095265, 3.813424327543054], [-3.5589067751047283, 1.539908400607588], [-2.477148941507146, 2.59291125666733], [-2.330886138305821, 2.7996991761960572], [-1.9929998438279481, 2.9971648247159868], [-1.101185227092333, 4.5688173408978505], [-4.37781061217661, 3.493928817662095], [-3.4011507526880322, 2.8622280571724126], [-2.5433759309672532, 2.7831454023226114], [-3.0030122684585345, 3.473290841807633], [-3.3908564819591844, 2.576063047751889], [-3.315624372282045, 1.8060238978476113], [-0.4860686415036719, 3.323449204142055], [-2.393866489133994, 4.1775092961951605], [-1.422795654615761, 3.68810491073086], [-3.2078063162606516, 3.29835631178051], [-1.5929254373196355, 3.1557700316975166], [-3.248193499031005, 4.119211458468728], [-3.135876242620406, 4.010557384165497], [-1.9473901003343133, 1.8652251859704334], [-4.089453906272077, 3.0582505036071908], [-3.827116024537816, 3.761236369189125], [2.6336496957746514, -3.473425096192113], [3.8359803543273925, -2.5175271119236498], [3.0306149652021173, -2.2023298450917985], [3.3844864343286996, -2.352722662009323], [4.13994331871905, -2.1715465545572625], [3.577235524811111, -4.2599932320873615], [2.7437085156011087, -2.841394171449382], [2.9349508468994854, -4.254677152642867], [4.777276620676755, -1.5001550281074905], [2.1011377988451336, -3.756604604407918], [2.8040689936253123, -1.5600220514026513], [3.745285277243976, -3.331391251358282], [3.423873678251375, -3.21988736672123], [2.781879818472423, -3.3249536724649813], [3.184383295159607, -0.8028694544480066], [2.0072315507454412, -2.498534536964197], [1.252598061217217, -4.387973976125468], [4.923084677592932, -3.1119975724870805], [4.816321626594142, -3.7700369070852573], [5.3938306798916305, -2.8319138967027944], [2.9647487255011904, -3.4082613430891495], [4.75158129917492, -2.3118894356419335], [2.424224346156305, -3.7552020828097206], [5.1987890550172065, -1.922088353410033], [3.655533131383042, -2.6499767103671417], [4.176458035549424, -3.5706913963519584], [0.8894524014443275, -4.157788268079568], [3.4473954622418295, -1.430003926479358], [4.93987725099753, -3.7066662331943676], [2.9327116938682645, -2.9511539108488147], [2.0174729503561197, -2.813105079596957], [3.8352532069711494, -2.5787738633651704], [3.381060666895682, -3.722345596106464], [1.9904457952967147, -2.452873857402643], [2.6195306747954374, -2.7298713263108705], [2.2017340812607453, -2.0882099752652348], [3.156710571030234, -4.324221415749747], [3.9501869011374136, -4.271743761106042], [2.96331894823002, -3.283297688360036], [4.7116237786696615, -3.012693352480371], [2.8454177972878147, -4.428354300048813], [3.1760710742739895, -3.7489372195695077], [3.1458005627680357, -3.153312703106076], [2.4312840833111435, -3.6555432637852676], [3.423590815053941, -2.2464836857940544], [2.780458935321307, -2.8274686461745704], [1.8088974552996082, -4.681480302716475], [2.281473520074121, -5.027224654875159], [1.064124359525454, -1.758757024691191], [3.350494842648407, -1.3023514873464372]], "YT": [[1], [1], [1], [1], [1], [1], [1], [1], [1], [1], [1], [1], [1], [1], [1], [1], [1], [1], [1], [1], [1], [1], [1], [1], [1], [1], [1], [1], [1], [1], [1], [1], [1], [1], [1], [1], [1], [1], [1], [1], [1], [1], [1], [1], [1], [1], [1], [1], [1], [1], [-1], [-1], [-1], [-1], [-1], [-1], [-1], [-1], [-1], [-1], [-1], [-1], [-1], [-1], [-1], [-1], [-1], [-1], [-1], [-1], [-1], [-1], [-1], [-1], [-1], [-1], [-1], [-1], [-1], [-1], [-1], [-1], [-1], [-1], [-1], [-1], [-1], [-1], [-1], [-1], [-1], [-1], [-1], [-1], [-1], [-1], [-1], [-1], [-1], [-1]],